title,words,date,year,categories,seo_score,focus_keyword,url,slug,orig_url,blog_url,orig_status,orig_final_url,blog_status,blog_final_url,checked,GEO_SCOPE,TITLE,LOCATION,TARGET_KEYWORDS,RELATED_TERMS,SEARCH_INTENT,ORIGINAL_CONTENT,SOURCE_URL,CATEGORY,WORD_COUNT,STATUS,REWRITE_DRAFT,REWRITE_HTML,SEO_TITLE,META_DESCRIPTION,INTERNAL_LINK_ANCHORS,NOTES,PRIMARY_INTERNAL_LINKS,SUPPORTING_INTERNAL_LINKS,CTA_LINK_TARGET
Annual Compliances of LLP,536,2022-05-01,2022,Corporate Law,,,https://legalsuvidha.com/annual-compliances-of-limited-liability-partnershipllp/,annual-compliances-of-limited-liability-partnershipllp,https://legalsuvidha.com/annual-compliances-of-limited-liability-partnershipllp/,https://legalsuvidha.com/blog/annual-compliances-of-limited-liability-partnershipllp/,ERROR,"HTTPSConnectionPool(host='legalsuvidha.com', port=443): Read timed out. (read timeout=12)",200,https://legalsuvidha.com/blog/annual-compliances-of-limited-liability-partnershipllp/,yes,NATIONAL,Annual Compliances of LLP,India,"LLP compliance Delhi NCR, LLP filing, LLP registration and compliance","LLP annual filing, LLP Form 8, LLP Form 11, designated partner compliance, LLP late fee",compliance guide,"Annual Compliances of LLP is necessary,which involves many forms &amp; other compliances.
<h4 style=""text-align: center;""><a href=""https://legalsuvidha.com/blog/annual-compliances-of-limited-liability-partnershipllp/""><span style=""color: #0000ff;""><strong>ANNUAL COMPLIANCES OF LIMITED LIABILITY PARTNERSHIP</strong></span></a></h4>
<h4><span style=""color: #0000ff;""><strong>What is LLP?</strong></span></h4>
Limited liability partnership is a form of entity which entails <strong>features of a partnership firm</strong> and <strong>a company</strong>. The LLP is managed by its<strong> partners</strong> and <strong>it is a separate legal entity</strong> from its partners. The concept of Limited Liability Partnership has been brought by way of enforcing <strong>Limited Liability Act,  2008</strong>. All LLPs are required to <span style=""text-decoration: underline;""><strong>maintain its books of accounts on cash basis or accrual basis</strong></span>.  The books of accounts shall also be preserved in the <strong>registered office of the LLP</strong> for the specified period.
<h4><span style=""color: #0000ff;""><strong>Benefits of LLP:</strong></span></h4>
<ul>
 	<li>LLP can <strong>raise funds</strong> from its partners, Banks and NBFCs</li>
 	<li>The process of incorporation of LLP is <strong>simple</strong> and <strong>easy</strong></li>
 	<li>LLP can easily <strong>Transfer its ownership</strong></li>
 	<li>LLP is <strong>separate legal entity</strong> form its partners</li>
</ul>
<h4><span style=""color: #0000ff;"">MANDATORY COMPLIANCES OF LLP:</span></h4>
<h4><span style=""color: #0000ff;""><strong>I. FORM-11</strong></span></h4>
<ul>
 	<li>Form -11 consist of<span style=""text-decoration: underline;""><strong> annual return</strong></span>. It contains the details of <span style=""text-decoration: underline;""><strong>all the partners, their contributions towards the LLP</strong></span>, etc.</li>
 	<li>Form-11 should be filed within<span style=""text-decoration: underline;""><strong> 60 days of the end of financial year. i.e. on or before 30thMay every year</strong></span>.</li>
 	<li>It must be Digitally signed by one of the <span style=""text-decoration: underline;""><strong>Designated Partners</strong> </span>of the LLP. In case total obligation of contribution of partners of the LLP<span style=""text-decoration: underline;""><strong> exceeds Rs. 50 lakhs or turnover</strong></span> of LLP <span style=""text-decoration: underline;""><strong>exceeds Rs. 5 crores</strong></span>, then <span style=""text-decoration: underline;""><strong>LLP Form 11 needs to be certified by a Company Secretary</strong></span> in whole time practice.</li>
 	<li>Basic details like T<span style=""text-decoration: underline;""><strong>otal obligation of contribution</strong></span>, <span style=""text-decoration: underline;""><strong>total contribution received by partners of the LLP</strong></span>, <span style=""text-decoration: underline;""><strong>Summary of Designated Partners and Partners etc</strong></span>.</li>
 	<li>Further, <strong>details of LLP</strong> and/ or <span style=""text-decoration: underline;""><strong>company in which partner/ designated partner is a director/ partner is attached to the form</strong></span>.</li>
</ul>
<h4><span style=""color: #0000ff;"">II. INCOME TAX RETURN:</span></h4>
Every LLP has to file <span style=""text-decoration: underline;""><strong>Income Tax Returns</strong></span> every year. The last date of filing of return for LLP is <span style=""text-decoration: underline;""><strong>31st July every yea</strong></span>r. However, any LLP under tax audit is required to file its Income tax return by <span style=""text-decoration: underline;""><strong>30th September</strong></span>.
<h4><span style=""color: #0000ff;""><strong>III. DIR-3KYC:</strong></span></h4>
Each <span style=""text-decoration: underline;""><strong>designated partner</strong></span> for an LLP is required to file form DIR 3 KYC on for before <span style=""text-decoration: underline;""><strong>30th September of each Financial year</strong></span>.
<h4><span style=""color: #0000ff;""><strong>IV.  FORM-8</strong></span></h4>
<ul>
 	<li>Form-8 consists of the <span style=""text-decoration: underline;""><strong>statement of Account and Solvency</strong></span>. It consists of information related to the <span style=""text-decoration: underline;""><strong>statement of assets of the LLP</strong> </span><strong><span style=""text-decoration: underline;"">and liabilities and statement of income and expenditure of the LLP.</span></strong></li>
 	<li>Form 8 should be filed within <span style=""text-decoration: underline;""><strong>30 days from the end of 6 months of the end financial year. i.e. by 30th October of each financial year</strong></span>.</li>
 	<li><span style=""text-decoration: underline;""><strong>Designated partners</strong></span> must sign the form digitally. Further, it must be certified by a <span style=""text-decoration: underline;""><strong>chartered accountant</strong></span>, auditor or the accountant of the LLP.</li>
</ul>
There are <strong>two</strong> parts in Form 8. They are:
<ul>
 	<li>Part A – <strong>Statement of Solvency</strong></li>
 	<li>Part B – <strong>Statement of Accounts, Statement of Income &amp; Expenditure</strong></li>
</ul>
<h4><span style=""color: #0000ff;""><strong>What are the Consequences of Non-Compliance?</strong></span></h4>
If there is a delay in filing Form 8 and 11 of LLP, you will have to pay the <span style=""text-decoration: underline;""><strong>penalty of Rs. 100 per day</strong></span> of default. One cannot close or wind up their LLP without filing Annual Accounts. Also, <span style=""text-decoration: underline;""><strong>Non-compliance</strong></span> of any of the mandatory requirement may lead to <span style=""text-decoration: underline;""><strong>hefty penalties</strong></span>.",https://legalsuvidha.com/blog/annual-compliances-of-limited-liability-partnershipllp/,LLP / Company Law,536,READY_FOR_REWRITE,,,,,,Auto-generated queue metadata. Review overlap/canonical decisions before publishing. Geo model: India-first. Use national positioning by default; add city/state examples only if commercially relevant.,LLP annual compliance checklist | LLP Form 8 late fee and consequences | LLP vs Private Limited for startup founders,ROC compliance for companies and LLPs | designated partner compliance guide | company strike-off vs dormant company,Get LLP annual filing support
Deadlines for OPC Annual Filing for  FY 2022–2023,518,2023-04-13,2023,All Blogs,,,https://legalsuvidha.com/important-legal-deadlines-for-opc-annual-filing-for-the-fy-2022-2023/,important-legal-deadlines-for-opc-annual-filing-for-the-fy-2022-2023,https://legalsuvidha.com/important-legal-deadlines-for-opc-annual-filing-for-the-fy-2022-2023/,https://legalsuvidha.com/blog/important-legal-deadlines-for-opc-annual-filing-for-the-fy-2022-2023/,ERROR,"HTTPSConnectionPool(host='legalsuvidha.com', port=443): Read timed out. (read timeout=12)",200,https://legalsuvidha.com/blog/important-legal-deadlines-for-opc-annual-filing-for-the-fy-2022-2023/,yes,NATIONAL,Deadlines for OPC Annual Filing for  FY 2022–2023,India,"OPC compliance Delhi NCR, OPC annual filing, one person company compliance","OPC filing due dates, OPC vs private limited, OPC conversion, annual return filing for OPC",compliance guide,"<h4 style=""text-align: center;""><span style=""font-family: georgia, palatino, serif; color: #000080;"">OPC Annual Filing</span></h4>
<div class=""flex-1 overflow-hidden"">
<div class=""react-scroll-to-bottom--css-cdjob-79elbk h-full dark:bg-gray-800"">
<div class=""react-scroll-to-bottom--css-cdjob-1n7m0yu"">
<div class=""flex flex-col items-center text-sm dark:bg-gray-800"">
<div class=""group w-full text-gray-800 dark:text-gray-100 border-b border-black/10 dark:border-gray-900/50 bg-gray-50 dark:bg-[#444654] sm:AIPRM__conversation__response"">
<div class=""text-base gap-4 md:gap-6 md:max-w-2xl lg:max-w-xl xl:max-w-3xl p-4 md:py-6 flex lg:px-0 m-auto"">
<div class=""relative flex w-[calc(100%-50px)] flex-col gap-1 md:gap-3 lg:w-[calc(100%-115px)]"">
<div class=""flex flex-grow flex-col gap-3"">
<div class=""min-h-[20px] flex flex-col items-start gap-4 whitespace-pre-wrap"">
<div class=""markdown prose w-full break-words dark:prose-invert light AIPRM__conversation__response"">

<span style=""font-family: georgia, palatino, serif; color: #000000;"">An OPC (One Person Company) has lower compliance requirements in comparison to Private Limited or Public Limited Companies, which leads to reduced costs associated with annual compliance. OPCs are obligated to submit two forms annually, namely MGT 7A and AOC 4. It's crucial to comprehend the purpose of these forms and their respective deadlines for OPC Annual Filing.</span>
<h4 style=""text-align: center;""><span style=""font-family: georgia, palatino, serif; color: #000080;"">What is E Form AOC 4 for OPC</span></h4>
<div class=""flex-1 overflow-hidden"">
<div class=""react-scroll-to-bottom--css-cdjob-79elbk h-full dark:bg-gray-800"">
<div class=""react-scroll-to-bottom--css-cdjob-1n7m0yu"">
<div class=""flex flex-col items-center text-sm dark:bg-gray-800"">
<div class=""group w-full text-gray-800 dark:text-gray-100 border-b border-black/10 dark:border-gray-900/50 bg-gray-50 dark:bg-[#444654] sm:AIPRM__conversation__response"">
<div class=""text-base gap-4 md:gap-6 md:max-w-2xl lg:max-w-xl xl:max-w-3xl p-4 md:py-6 flex lg:px-0 m-auto"">
<div class=""relative flex w-[calc(100%-50px)] flex-col gap-1 md:gap-3 lg:w-[calc(100%-115px)]"">
<div class=""flex flex-grow flex-col gap-3"">
<div class=""min-h-[20px] flex flex-col items-start gap-4 whitespace-pre-wrap"">
<div class=""markdown prose w-full break-words dark:prose-invert light AIPRM__conversation__response"">
<ul>
 	<li><span style=""color: #000000; font-family: georgia, palatino, serif;"">For One Person Companies (OPCs), E-Form AOC 4 is a significant yearly filing obligation that encompasses all the monetary information and financial transactions of the company for the corresponding fiscal year.</span></li>
 	<li><span style=""color: #000000; font-family: georgia, palatino, serif;""> This Annual Financial Report comprises the Balance Sheet, Profit and Loss Account, Auditor's Report, and Consolidated Financial Statements.</span></li>
</ul>
<h4 style=""text-align: center;""><span style=""font-family: georgia, palatino, serif; color: #000080;"">What is the Due Date for filing Form AOC 4 for OPC for FY 2022-23</span></h4>
<ul>
 	<li><span style=""font-family: georgia, palatino, serif; color: #000000;"">To file AOC 4 for OPC for the fiscal year 2022-23, it is required to be submitted to the Registrar of Companies (ROC) within 180 days from the end of the financial year. </span></li>
 	<li><span style=""font-family: georgia, palatino, serif; color: #000000;"">Thus, if we consider April 1, 2023, as the start date, the due date for submitting E-Form AOC 4 for OPC for FY 2022-23 will be September 27, 2023.</span></li>
</ul>
<h4 style=""text-align: center;""><span style=""font-family: georgia, palatino, serif; color: #000080;"">What is Form MGT 7A for OPC</span></h4>
<ul>
 	<li><span style=""font-family: georgia, palatino, serif; color: #000000;"">On March 5, 2021, the MCA (Ministry of Corporate Affairs) introduced Form MGT 7A for One Person Company (OPC) and Small Companies through the Companies (Management and Administration) Amendment Rules, 2021.</span></li>
 	<li><span style=""font-family: georgia, palatino, serif; color: #000000;""> OPCs and Small Companies are obligated to submit Form MGT 7A annually to the relevant Registrar of Companies (ROC).</span></li>
</ul>
</div>
</div>
</div>
<div class=""flex justify-between lg:block"">
<h4 class=""text-gray-400 flex self-end lg:self-center justify-center mt-2 gap-2 md:gap-3 lg:gap-1 lg:absolute lg:top-0 lg:translate-x-full lg:right-0 lg:mt-0 lg:pl-2 visible"" style=""text-align: center;""><span style=""font-family: georgia, palatino, serif; color: #000080;"">What is the Due Date for filing Form MGT 7A for OPC for FY 2022-23</span></h4>
<div class=""flex-1 overflow-hidden"">
<div class=""react-scroll-to-bottom--css-cdjob-79elbk h-full dark:bg-gray-800"">
<div class=""react-scroll-to-bottom--css-cdjob-1n7m0yu"">
<div class=""flex flex-col items-center text-sm dark:bg-gray-800"">
<div class=""group w-full text-gray-800 dark:text-gray-100 border-b border-black/10 dark:border-gray-900/50 bg-gray-50 dark:bg-[#444654] sm:AIPRM__conversation__response"">
<div class=""text-base gap-4 md:gap-6 md:max-w-2xl lg:max-w-xl xl:max-w-3xl p-4 md:py-6 flex lg:px-0 m-auto"">
<div class=""relative flex w-[calc(100%-50px)] flex-col gap-1 md:gap-3 lg:w-[calc(100%-115px)]"">
<div class=""flex flex-grow flex-col gap-3"">
<div class=""min-h-[20px] flex flex-col items-start gap-4 whitespace-pre-wrap"">
<div class=""markdown prose w-full break-words dark:prose-invert light AIPRM__conversation__response"">
<ul>
 	<li><span style=""font-family: georgia, palatino, serif; color: #000000;"">OPCs are required to file Form MGT 7A for the financial year 2022-23 within 60 days from the Annual General Meeting (AGM) date. </span></li>
 	<li><span style=""font-family: georgia, palatino, serif; color: #000000;"">Despite being exempt from holding an AGM, the due date for filing Form MGT 7A is calculated based on the typical AGM date.</span></li>
 	<li><span style=""font-family: georgia, palatino, serif; color: #000000;""> For instance, if the AGM is scheduled for September 30, 2023, the due date for submitting ROC Form MGT 7A for FY 2022-23 would be November 28, 2023, according to the MGT 7A help kit.</span></li>
</ul>
</div>
</div>
</div>
<div class=""flex justify-between lg:block"">
<h4 class=""text-gray-400 flex self-end lg:self-center justify-center mt-2 gap-2 md:gap-3 lg:gap-1 lg:absolute lg:top-0 lg:translate-x-full lg:right-0 lg:mt-0 lg:pl-2 visible"" style=""text-align: center;""><span style=""font-family: georgia, palatino, serif; color: #000080;"">Event-based Compliances for OPC</span></h4>
<ul>
 	<li><span style=""font-family: georgia, palatino, serif; color: #000000;"">In addition to the mentioned obligations, One Person Companies are required to fulfill certain event-based compliances. </span></li>
 	<li><span style=""font-family: georgia, palatino, serif; color: #000000;"">These include internal administrative and external business management tasks that must be carried out annually.</span></li>
 	<li><span style=""font-family: georgia, palatino, serif; color: #000000;""> Furthermore, OPCs must also comply with the filing requirements of legal authorities, such as GST returns, PF, and ESI regulations.</span></li>
</ul>
<h4 style=""text-align: center;""><span style=""font-family: georgia, palatino, serif; color: #000080;"">Penalty for Late Filing AOC-4 and MGT-7A</span></h4>
<span style=""font-family: georgia, palatino, serif; color: #000000;"">If the ROC Forms AOC 4 and Form MGT 7A are filed after the due date, a penalty of INR 100/- per day is levied for every day that the default continues. One Person Companies must file their ROC Annual Compliance Forms within the specified time frame to adhere to the Companies Act, 2013, the Income Tax Act, and other relevant regulations.</span>

<span style=""font-family: georgia, palatino, serif; color: #000000;""><strong>If You are looking for filing OPC Annual Filing/ITR then connect with us at <a href=""mailto:support@legalsuvidha.com"">support@legalsuvidha.com</a> or you can <a href=""https://legalsuvidha.com/contact-us/"">contact us</a>  &amp; stay updated with our latest blogs &amp; articles.</strong></span>

</div>
</div>
</div>
</div>
</div>
</div>
</div>
</div>
<div class=""bottom-0 left-0 w-full border-t dark:border-white/20 md:bg-vert-light-gradient bg-white dark:bg-gray-800 dark:md:bg-vert-dark-gradient pt-2""><form class=""stretch mx-2 flex flex-row gap-3 last:mb-2 md:mx-4 md:last:mb-6 lg:mx-auto lg:max-w-2xl xl:max-w-3xl"">
<div class=""relative flex h-full flex-1 md:flex-col"">
<div class=""flex ml-1 md:w-full md:m-auto md:mb-2 gap-0 md:gap-2 justify-center""></div>
</div>
</form></div>
</div>
</div>
</div>
</div>
</div>
</div>
</div>
</div>
<div class=""bottom-0 left-0 w-full border-t dark:border-white/20 md:bg-vert-light-gradient bg-white dark:bg-gray-800 dark:md:bg-vert-dark-gradient pt-2""><form class=""stretch mx-2 flex flex-row gap-3 last:mb-2 md:mx-4 md:last:mb-6 lg:mx-auto lg:max-w-2xl xl:max-w-3xl"">
<div class=""relative flex h-full flex-1 md:flex-col"">
<div class=""flex ml-1 md:w-full md:m-auto md:mb-2 gap-0 md:gap-2 justify-center""></div>
</div>
</form></div>
</div>
</div>
</div>
<div class=""flex justify-between lg:block"">
<div class=""text-gray-400 flex self-end lg:self-center justify-center mt-2 gap-2 md:gap-3 lg:gap-1 lg:absolute lg:top-0 lg:translate-x-full lg:right-0 lg:mt-0 lg:pl-2 visible""></div>
</div>
</div>
</div>
</div>
</div>
</div>
</div>
</div>
<div class=""bottom-0 left-0 w-full border-t dark:border-white/20 md:bg-vert-light-gradient bg-white dark:bg-gray-800 dark:md:bg-vert-dark-gradient pt-2""><form class=""stretch mx-2 flex flex-row gap-3 last:mb-2 md:mx-4 md:last:mb-6 lg:mx-auto lg:max-w-2xl xl:max-w-3xl"">
<div class=""relative flex h-full flex-1 md:flex-col"">
<div class=""flex ml-1 md:w-full md:m-auto md:mb-2 gap-0 md:gap-2 justify-center""></div>
</div>
</form></div>",https://legalsuvidha.com/blog/important-legal-deadlines-for-opc-annual-filing-for-the-fy-2022-2023/,OPC / Incorporation,518,READY_FOR_REWRITE,,,,,,Auto-generated queue metadata. Review overlap/canonical decisions before publishing. Geo model: India-first. Use national positioning by default; add city/state examples only if commercially relevant.,OPC annual filing guide | OPC vs Private Limited | private company compliance checklist,annual filing due dates | private limited company compliances | startup structure selection guide,Get OPC annual filing support
Annual Filing for OPCs,596,2023-08-11,2023,Company Law,,,https://legalsuvidha.com/annual-filing-for-opcs/,annual-filing-for-opcs,https://legalsuvidha.com/annual-filing-for-opcs/,https://legalsuvidha.com/blog/annual-filing-for-opcs/,ERROR,"HTTPSConnectionPool(host='legalsuvidha.com', port=443): Read timed out. (read timeout=12)",200,https://legalsuvidha.com/blog/annual-filing-for-opcs/,yes,NATIONAL,Annual Filing for OPCs,India,"OPC compliance Delhi NCR, OPC annual filing, one person company compliance","OPC filing due dates, OPC vs private limited, OPC conversion, annual return filing for OPC",compliance guide,"<span style=""font-weight: 400; font-family: georgia, palatino, serif; color: #000000; font-size: 12pt;"">One-Person Companies (OPCs) exhibit distinct compliance prerequisites due to their singular-member structure. This article endeavors to streamline the process of annual filing for OPCs, elucidating pivotal forms such as AOC-4 (Financial Statement), and MGT-7A (Abridged Annual Return), while delving into the imperative nature of conducting an Annual General Meeting (AGM). The article accentuates the specified deadlines for each filing, offers lucidity on attachment requisites, and contemplates the conceivable repercussions stemming from AGM date extensions on AOC-4 filing cutoffs. This comprehensive manual serves to facilitate OPCs in traversing their annual filing responsibilities seamlessly.</span>
<ul>
 	<li><span style=""font-weight: 400; font-family: georgia, palatino, serif; color: #000000; font-size: 12pt;"">The unique compliance advantages enjoyed by OPCs, stemming from their single-member structure, are noteworthy.</span></li>
 	<li><span style=""font-weight: 400; font-family: georgia, palatino, serif; color: #000000; font-size: 12pt;""> The crux of this article rests upon the mandatory Annual Filing obligations that OPCs must satisfy with the Registrar of Companies (ROC). </span></li>
 	<li><span style=""font-weight: 400; font-family: georgia, palatino, serif; color: #000000; font-size: 12pt;"">Noteworthy among these are vital forms that necessitate annual submission, comprising MSME-1 (Semiannual), DPT-3 (Yearly), and DIR-3 KYC (Yearly).</span></li>
 	<li><span style=""font-weight: 400; font-family: georgia, palatino, serif; color: #000000; font-size: 12pt;""> However, the primary spotlight remains firmly on the trio of core submissions: AOC-4 (Financial Statement), MGT-7A (Abridged Annual Return), and the Annual General Meeting.</span></li>
</ul>
<span style=""color: #000080; font-size: 12pt; font-family: georgia, palatino, serif;""><strong>1. ANNUAL GENERAL MEETING: </strong><span style=""color: #000000;"">A common puzzle is whether an OPC must hold a yearly general meeting.</span></span>

<span style=""font-size: 12pt; font-family: georgia, palatino, serif;""><span style=""color: #000080;""><strong> LEGAL PROVISION:</strong></span> Any matter mandating consideration at an annual or general meeting, necessitating an ordinary or special resolution, is deemed fulfilled if, in the case of a One Person Company, the member communicates the resolution to the company and enters it in the minutes-book.</span>

<span style=""font-size: 12pt; font-family: georgia, palatino, serif;""> <span style=""color: #000080;""><strong>IMPLICATION OF PROVISION:</strong></span> Given the solitary member status of OPCs, they are exempt from holding any form of General Meeting (EGM/ AGM). OPCs are, however, required to meticulously maintain the minutes of the Annual General Meeting as stipulated in Section 122. The due date for OPC's AGM is the 27th; here, the OPC is merely required to record resolutions slated for the General Meeting, including but not limited to Adoption of Annual Accounts, Directors Report Adoption, and Auditor Appointment.</span>

<span style=""font-weight: 400; font-family: georgia, palatino, serif; color: #000000; font-size: 12pt;""><span style=""color: #000080;""><strong>2. AOC-4 (FINANCIAL STATEMENT): </strong></span>This submission is mandated to be completed within 180 days from the conclusion of the Financial Year. The cutoff date for AOC-4 submission is the 27th of September. Failure to submit AOC-4 by this date incurs an additional fee of Rs. 100 per day. The annexes to AOC-4 encompass the Financial Statement and the Abridged Director's Report in accordance with rule 8A.</span>

<span style=""font-weight: 400; font-family: georgia, palatino, serif; color: #000000; font-size: 12pt;""><span style=""color: #000080;""><strong>3.  MGT-7A (ABRIDGED ANNUAL RETURN):</strong></span> The due date for this filing stands at 60 days from the AGM date, which is maximally set for the 27th of September. The deadline for MGT-7A submission is the 26th of November. Late filing of MGT-7A incurs a supplementary fee of Rs. 100 per day. The attachments to MGT-7A comprise the List of Directors and the List of Shareholders.</span>

<span style=""font-weight: 400; font-family: georgia, palatino, serif; color: #000000; font-size: 12pt;"">In the event of the MCA extending the AGM date, a pertinent question emerges: Does the deadline for OPC's AOC-4 submission also extend? Given that OPCs are exempt from convening AGMs, it can be inferred that even if the MCA extends the AGM date, the AOC-4 due date remains unaffected. The stipulated deadline for AOC-4 remains the 27th of September.</span>

<span style=""font-weight: 400; font-family: georgia, palatino, serif; color: #000000; font-size: 12pt;""><span style=""color: #000080;""><strong>In conclusion,</strong></span> the intricacies of the annual filing process for One-Person Companies are demystified through this comprehensive guide. This guide is a valuable resource for OPCs looking to meet their annual filing requirements and strengthen their legal standing.</span>

<span style=""font-size: 10pt; font-family: georgia, palatino, serif;""><b>If You have any queries then connect with us at <a href=""mailto:support@legalsuvidha.com"">support@legalsuvidha.com</a> or <a href=""mailto:info@digicomply.in"">info@digicomply.in</a> &amp; </b><a href=""https://legalsuvidha.com/contact-us/""><b>contact us </b></a><b> &amp; stay updated with our latest blogs &amp; articles</b></span>",https://legalsuvidha.com/blog/annual-filing-for-opcs/,OPC / Incorporation,596,READY_FOR_REWRITE,,,,,,Auto-generated queue metadata. Review overlap/canonical decisions before publishing. Geo model: India-first. Use national positioning by default; add city/state examples only if commercially relevant.,OPC annual filing guide | OPC vs Private Limited | private company compliance checklist,annual filing due dates | private limited company compliances | startup structure selection guide,Get OPC annual filing support
OPC Annual Filing Made Easy,724,2023-08-23,2023,Corporate Law,,,https://legalsuvidha.com/opc-annual-filing-made-easy/,opc-annual-filing-made-easy,https://legalsuvidha.com/opc-annual-filing-made-easy/,https://legalsuvidha.com/blog/opc-annual-filing-made-easy/,ERROR,"HTTPSConnectionPool(host='legalsuvidha.com', port=443): Read timed out. (read timeout=10)",200,https://legalsuvidha.com/blog/opc-annual-filing-made-easy/,yes,NATIONAL,OPC Annual Filing Made Easy,India,"OPC compliance Delhi NCR, OPC annual filing, one person company compliance","OPC filing due dates, OPC vs private limited, OPC conversion, annual return filing for OPC",compliance guide,"<span style=""font-weight: 400; font-family: georgia, palatino, serif; color: #000000;"">A one-person company is a type of business entity characterized by having only one individual as its member or owner. This unique structure offers certain advantages, particularly in terms of reduced compliance requirements compared to more complex business structures like private limited companies or Limited Liability Partnerships (LLPs). In this article, we will delve into the intricacies of the OPC Annual Filing process with the Registrar of <a href=""https://en.wikipedia.org/wiki/Companies_Act_2013"">Companies</a> (ROC).</span>
<ul>
 	<li><span style=""font-weight: 400; font-family: georgia, palatino, serif; color: #000000;"">For such companies, there exists a streamlined process for submitting required documents and reports annually.</span></li>
 	<li><span style=""font-weight: 400; font-family: georgia, palatino, serif; color: #000000;""> These submissions play a crucial role in maintaining transparency and accountability in business operations.</span></li>
 	<li><span style=""font-weight: 400; font-family: georgia, palatino, serif; color: #000000;""> Several specific forms are mandated for annual filing by a one-person company, including the MSME-1 form for half-yearly reports, the DPT-3 form for yearly reporting, and the DIR-3 KYC form for yearly director information updates.</span></li>
</ul>
<span style=""font-weight: 400; font-family: georgia, palatino, serif; color: #000000;"">In addition to these routine submissions, this article will also provide insight into some key filings and concepts, shedding light on their importance and the procedures involved:</span>

<span style=""color: #000080;""><strong><span style=""font-family: georgia, palatino, serif;"">1. Annual General Meeting (AGM):</span></strong></span>

<span style=""font-weight: 400; font-family: georgia, palatino, serif; color: #000000;"">The question often arises whether a one-person company is obligated to convene an Annual General Meeting (AGM). Legal provisions state that any matters that require discussion and decision-making at an annual or general meeting of a company through ordinary or special resolutions can be satisfied in the case of a one-person company by communicating the resolution to the company and recording it in the minutes' book. </span>
<ul>
 	<li><span style=""font-weight: 400; font-family: georgia, palatino, serif; color: #000000;"">Given that a one-person company, as the name suggests, has only one member, the necessity to hold traditional General Meetings (EGM/AGM) is bypassed.</span></li>
 	<li><span style=""font-weight: 400; font-family: georgia, palatino, serif; color: #000000;""> However, it remains essential for the OPC to meticulously document the decisions made during the Annual General Meeting as per Section 122 of the regulations. </span></li>
 	<li><span style=""font-weight: 400; font-family: georgia, palatino, serif; color: #000000;"">The due date for conducting the AGM for a one-person company is set at the 27th of September.</span></li>
 	<li><span style=""font-weight: 400; font-family: georgia, palatino, serif; color: #000000;""> The primary responsibility of the OPC during this process is to duly acknowledge the resolutions that would typically be addressed in a General Meeting, such as adopting annual financial accounts, endorsing the director's report, and appointing an auditor, among other pertinent matters.</span></li>
</ul>
<span style=""color: #000080;""><strong><span style=""font-family: georgia, palatino, serif;"">2. AOC-4 (Financial Statement Submission):</span></strong></span>
<ul>
 	<li><span style=""font-weight: 400; font-family: georgia, palatino, serif; color: #000000;"">The AOC-4 form, housing critical financial statements, necessitates submission within 180 days from the conclusion of the financial year.</span></li>
 	<li><span style=""font-weight: 400; font-family: georgia, palatino, serif; color: #000000;""> The hard deadline for submitting the AOC-4 form is the 27th of September. It's essential to adhere to this timeline, as any submissions made after this date incur an additional fee of Rs. 100 per day. </span></li>
 	<li><span style=""font-weight: 400; font-family: georgia, palatino, serif; color: #000000;"">Within the AOC-4 form, aside from financial statements, an abridged version of the Director's Report, conforming to Rule 8A, must also be enclosed.</span></li>
</ul>
<span style=""color: #000080;""><strong><span style=""font-family: georgia, palatino, serif;"">3. MGT-7A (Abridged Annual Return):</span></strong></span>
<ul>
 	<li><span style=""font-weight: 400; font-family: georgia, palatino, serif; color: #000000;"">The MGT-7A form, serving as a concise rendition of the annual return, requires filing within 60 days from the date of the AGM.</span></li>
 	<li><span style=""font-weight: 400; font-family: georgia, palatino, serif; color: #000000;""> The AGM itself can be held until the 27th of September. The due date for submitting the MGT-7A form is the 26th of November.</span></li>
 	<li><span style=""font-weight: 400; font-family: georgia, palatino, serif; color: #000000;""> Like the AOC-4, any delays in submission attract an additional fee of Rs. 100 per day.</span></li>
 	<li><span style=""font-weight: 400; font-family: georgia, palatino, serif; color: #000000;""> The MGT-7A form encompasses the listing of directors and shareholders, offering a comprehensive overview of the composition and structure of the one-person company.</span></li>
</ul>
<span style=""color: #000080;""><strong><span style=""font-family: georgia, palatino, serif;"">Extension of AGM Date and Its Impact on AOC-4:</span></strong></span>

<span style=""font-weight: 400; font-family: georgia, palatino, serif; color: #000000;"">A pertinent question arises regarding the potential ramifications of an extended AGM date, specifically whether this extension influences the due date for filing the AOC-4 form for one-person companies. Given that the one-person company is exempt from the requirement of holding an AGM, any extension provided by the Ministry of Corporate Affairs (MCA) for AGM dates does not carry implications for the due date of AOC-4 submission. Irrespective of any changes in AGM timelines, the due date for AOC-4 filings remains steadfast at the 27th of September.</span>

<span style=""font-weight: 400; font-family: georgia, palatino, serif; color: #000000;""><span style=""color: #000080;""><strong>In conclusion,</strong></span> a one-person company's annual filing obligations are marked by a systematic approach that emphasizes timely submission of critical documents and reports. While the OPC's structure simplifies certain compliance requirements, diligent adherence to the prescribed timelines and procedures is paramount to ensuring the smooth functioning and transparency of the business entity.</span>

<span style=""font-family: georgia, palatino, serif; font-size: 10pt;""><b>If You have any queries then connect with us at <a href=""mailto:support@legalsuvidha.com"">support@legalsuvidha.com</a> or <a href=""mailto:info@digicomply.in"">info@digicomply.in</a> &amp; </b><a href=""https://legalsuvidha.com/contact-us/""><b>contact us </b></a><b> &amp; stay updated with our latest blogs &amp; articles</b></span>",https://legalsuvidha.com/blog/opc-annual-filing-made-easy/,OPC / Incorporation,724,READY_FOR_REWRITE,,,,,,Auto-generated queue metadata. Review overlap/canonical decisions before publishing. Geo model: India-first. Use national positioning by default; add city/state examples only if commercially relevant.,OPC annual filing guide | OPC vs Private Limited | private company compliance checklist,annual filing due dates | private limited company compliances | startup structure selection guide,Get OPC annual filing support
OPC Annual Filing 2023,661,2023-09-03,2023,Corporate Law,,,https://legalsuvidha.com/opc-annual-filing-2023/,opc-annual-filing-2023,https://legalsuvidha.com/opc-annual-filing-2023/,https://legalsuvidha.com/blog/opc-annual-filing-2023/,ERROR,"HTTPSConnectionPool(host='legalsuvidha.com', port=443): Read timed out. (read timeout=10)",200,https://legalsuvidha.com/blog/opc-annual-filing-2023/,yes,NATIONAL,OPC Annual Filing 2023,India,"OPC compliance Delhi NCR, OPC annual filing, one person company compliance","OPC filing due dates, OPC vs private limited, OPC conversion, annual return filing for OPC",compliance guide,"<span style=""font-family: georgia, palatino, serif; color: #000000;"">When it comes to the realm of One Person Companies (OPCs) in India, adhering to OPC Annual Filing requirements is pivotal. One Person Company (OPC) is a distinct business structure specifically designed to cater to solo entrepreneurs in India. It offers a unique combination of benefits, including limited liability protection for the owner, ensuring that personal assets remain separate and safeguarded in the event of financial troubles within the company. The regulatory framework for OPCs is provided by the <a href=""https://en.wikipedia.org/wiki/Companies_Act_2013"">Companies</a> Act of 2013, a set of laws in India governing corporate entities. The fundamental idea behind OPCs is to simplify and facilitate the process of individuals venturing into entrepreneurship by allowing them to establish and manage their companies with ease.</span>

<span style=""color: #000080;""><strong><span style=""font-family: georgia, palatino, serif;"">Key Feature: Single Owner:</span></strong></span>

<span style=""font-family: georgia, palatino, serif; color: #000000;"">A defining characteristic of OPCs is that they can have only one shareholder or member, effectively making it a company operated and owned by a single individual. This critical feature is clearly outlined in Section 2(62) of the Companies Act, setting OPCs apart from other types of corporate entities.</span>

<span style=""color: #000080;""><strong><span style=""font-family: georgia, palatino, serif;"">Compliance Requirements for OPC Annual Filing:</span></strong></span>

<span style=""font-family: georgia, palatino, serif; color: #000000;"">Ensuring OPC Annual Filing is crucial to maintain legal compliance and uphold the integrity of an OPC. To maintain legal compliance and uphold the integrity of an OPC, there are specific obligations that owners with a Director Identification Number (DIN) or Director Partner Identification Number (DPIN) must adhere to. One of these requirements is the filing of the DIR-3 KYC form. This form is essential for ensuring accurate and up-to-date records of company directors, making it mandatory for first-time filers and those who need to update their directorship details. It is important to note that the deadline for DIR-3 KYC filing is set for September 30, 2023.</span>

<span style=""color: #000080;""><strong><span style=""font-family: georgia, palatino, serif;"">Annual Filing for OPCs:</span></strong></span>

<span style=""font-family: georgia, palatino, serif; color: #000000;"">OPC Annual filing is a critical aspect of maintaining transparency and accountability. According to Section 137 of the Companies Act 2013, OPCs are required to submit their financial statements, which include balance sheets and profit and loss accounts, within 180 days after the conclusion of the financial year. What sets OPCs apart is that they are exempt from the obligation to convene an Annual General Meeting (AGM), as stated in Section 96(1) of the Act.</span>

<span style=""color: #000080;""><strong><span style=""font-family: georgia, palatino, serif;"">Filing Forms:</span></strong></span>

<span style=""font-family: georgia, palatino, serif; color: #000000;"">The OPC Annual Filing procedure involves the submission of two essential E-forms:</span>
<ul>
 	<li><span style=""font-family: georgia, palatino, serif; color: #000000;"">MGT-7: This form serves as the annual return, detailing the company's activities and financial information for the year.</span></li>
 	<li><span style=""font-family: georgia, palatino, serif; color: #000000;"">AOC-4: This form encompasses the financial statements, providing an overview of the company's financial performance. The due date for AOC-4 filing is September 27, 2023, based on the assumption that the financial year concluded on March 31, 2023.</span></li>
 	<li><span style=""font-family: georgia, palatino, serif; color: #000000;"">For MGT-7, despite the absence of AGMs for OPCs, the deadline remains 60 days from the end of the financial year, in this case, 60 days from September 27, 2023.</span></li>
</ul>
<span style=""color: #000080;""><strong><span style=""font-family: georgia, palatino, serif;"">Annual Return for Small Companies: Understanding OPC Annual Filing</span></strong></span>

<span style=""font-family: georgia, palatino, serif; color: #000000;"">A specific form, known as Form MGT-7A, has been introduced for OPCs and small companies. This form is applicable for the financial year starting from 2021-22, as per the provisions of Section 2(62) of the Companies Act, 2013.</span>

<span style=""color: #000080; font-family: georgia, palatino, serif;""><strong>OPC Annual Filing and Penalties for Late Submission:</strong></span>

<span style=""font-family: georgia, palatino, serif; color: #000000;"">Failure to meet the prescribed filing deadlines can result in penalties. These penalties are calculated at the rate of INR 100 per day for each day the filing is overdue, starting from the due date, which is September 27, 2023, for AOC-4.</span>

<span style=""font-family: georgia, palatino, serif; color: #000000;""><span style=""color: #000080;""><strong>In conclusion</strong></span>, adhering to the compliance requirements for OPC annual filing is not only a legal obligation but also a crucial step in maintaining the legitimacy and transparency of your one-person company. Understanding and meeting these obligations ensures the smooth operation and growth of your business while safeguarding your personal assets.</span>
<div class=""relative flex w-[calc(100%-50px)] flex-col gap-1 md:gap-3 lg:w-[calc(100%-115px)]"">
<div class=""flex flex-grow flex-col gap-3 max-w-full"">
<div class=""min-h-[20px] flex flex-col items-start gap-3 overflow-x-auto whitespace-pre-wrap break-words"">
<div class=""markdown prose w-full break-words dark:prose-invert light"">

<span style=""font-family: georgia, palatino, serif; font-size: 10pt;""><b>If You have any queries then connect with us at <a href=""mailto:support@legalsuvidha.com"">support@legalsuvidha.com</a> or <a href=""mailto:info@digicomply.in"">info@digicomply.in</a> &amp; </b><a href=""https://legalsuvidha.com/contact-us/""><b>Contact us </b></a><b> &amp; stay updated with our latest blogs &amp; articles</b></span>

</div>
</div>
</div>
</div>",https://legalsuvidha.com/blog/opc-annual-filing-2023/,OPC / Incorporation,661,READY_FOR_REWRITE,,,,,,Auto-generated queue metadata. Review overlap/canonical decisions before publishing. Geo model: India-first. Use national positioning by default; add city/state examples only if commercially relevant.,OPC annual filing guide | OPC vs Private Limited | private company compliance checklist,annual filing due dates | private limited company compliances | startup structure selection guide,Get OPC annual filing support
OPC Annual Filing: Key Deadlines,640,2023-09-22,2023,Company Law,,,https://legalsuvidha.com/opc-annual-filing-key-deadlines/,opc-annual-filing-key-deadlines,https://legalsuvidha.com/opc-annual-filing-key-deadlines/,https://legalsuvidha.com/blog/opc-annual-filing-key-deadlines/,ERROR,"HTTPSConnectionPool(host='legalsuvidha.com', port=443): Read timed out. (read timeout=15)",200,https://legalsuvidha.com/blog/opc-annual-filing-key-deadlines/,yes,NATIONAL,OPC Annual Filing: Key Deadlines,India,"OPC compliance Delhi NCR, OPC annual filing, one person company compliance","OPC filing due dates, OPC vs private limited, OPC conversion, annual return filing for OPC",compliance guide,"<span style=""font-family: georgia, palatino, serif; color: #000000;"">The One Person Company (OPC) is a distinctive business structure that offers individuals the advantages of limited liability while preserving full control. This article presents an extensive guide on the annual filing obligations for OPCs under the Companies Act of 2013.</span>

<span style=""color: #000080;""><strong><span style=""font-family: georgia, palatino, serif;"">Comprehending OPC Annual Filing:</span></strong></span>
<span style=""font-family: georgia, palatino, serif; color: #000000;"">According to Section 2(62) of the Companies Act, 2013, an ""One Person Company"" is defined as a company with only one individual as a member. An OPC functions as a private company with a sole member who enjoys limited liability and can simultaneously act as both a shareholder and director.</span>
<ul>
 	<li><span style=""font-family: georgia, palatino, serif; color: #000000;""> This innovative business structure enables a single person to establish and run a company as a distinct legal entity.</span></li>
 	<li><span style=""font-family: georgia, palatino, serif; color: #000000;""> It was introduced to empower entrepreneurs with the benefits of limited liability while affording them complete control and ownership over their enterprises. </span></li>
 	<li><span style=""font-family: georgia, palatino, serif; color: #000000;"">OPCs, similar to other companies, must adhere to annual filing and reporting requirements, encompassing the submission of financial statements and tax returns. </span></li>
 	<li><span style=""font-family: georgia, palatino, serif; color: #000000;"">Nonetheless, OPCs have fewer compliance obligations compared to private limited or public limited <a href=""https://en.wikipedia.org/wiki/Companies_Act_2013"">companies</a>.</span></li>
</ul>
<span style=""color: #000080;""><strong><span style=""font-family: georgia, palatino, serif;"">Forms for OPC Annual Filing:</span></strong></span>
<span style=""font-family: georgia, palatino, serif; color: #000000;"">The annual filing process for an OPC involves the utilization of the following forms:</span>
<span style=""font-family: georgia, palatino, serif; color: #000000;"">1. Form AOC-4</span>
<span style=""font-family: georgia, palatino, serif; color: #000000;"">2. Form MGT-7A</span>

<span style=""color: #000080;""><strong><span style=""font-family: georgia, palatino, serif;"">Form AOC-4:</span></strong></span>
<span style=""font-family: georgia, palatino, serif; color: #000000;"">1. This form encompasses the financial statement, including the balance sheet, profit and loss account, and other pertinent financial data, for the OPC.</span>
<span style=""font-family: georgia, palatino, serif; color: #000000;"">2. It must be filed within 180 days from the conclusion of the financial year.</span>
<span style=""font-family: georgia, palatino, serif; color: #000000;"">3. The due date for submitting Form AOC-4 is the 27th of September each year.</span>
<span style=""font-family: georgia, palatino, serif; color: #000000;"">4. Failure to file on time incurs an additional fee of Rs. 100 per day.</span>
<span style=""font-family: georgia, palatino, serif; color: #000000;"">5. Attachments include:</span>
<span style=""font-family: georgia, palatino, serif; color: #000000;"">a) Financial statement</span>
<span style=""font-family: georgia, palatino, serif; color: #000000;"">b) Abridged director’s report (as per Rule 8A of Companies (Accounts) Amendment Rules, 2018).</span>

<span style=""color: #000080;""><strong><span style=""font-family: georgia, palatino, serif;"">Form MGT-7A:</span></strong></span>
<span style=""font-family: georgia, palatino, serif; color: #000000;"">1. This form comprises the abridged annual return for the OPC.</span>
<span style=""font-family: georgia, palatino, serif; color: #000000;"">2. It should be filed within 60 days from the date of the Annual General Meeting (AGM) or, if no AGM is held, within the AGM's due date (refer to notes for further clarification).</span>
<span style=""font-family: georgia, palatino, serif; color: #000000;"">3. The due date for submitting Form MGT-7A is the 26th of November each year.</span>
<span style=""font-family: georgia, palatino, serif; color: #000000;"">4. Late submissions incur an additional fee of Rs. 100 per day.</span>
<span style=""font-family: georgia, palatino, serif; color: #000000;"">5. Attachments include:</span>
<span style=""font-family: georgia, palatino, serif; color: #000000;"">a) List of directors</span>
<span style=""font-family: georgia, palatino, serif; color: #000000;"">b) List of shareholders</span>

<span style=""font-family: georgia, palatino, serif; color: #000000;"">As OPCs typically have only one member, they are exempt from holding an AGM. However, if an OPC voluntarily chooses to conduct an AGM, it must do so before the return's due date, i.e., the 27th of September.</span>

<span style=""color: #000080;""><strong><span style=""font-family: georgia, palatino, serif;"">Due date of AGM:</span></strong></span>
<ul>
 	<li><span style=""font-family: georgia, palatino, serif; color: #000000;"">To understand this concept, we must consider both Section 122 and Section 92 of the Companies Act. </span></li>
 	<li><span style=""font-family: georgia, palatino, serif; color: #000000;"">Section 122 stipulates that the OPC can record the member's decision in the minutes book, sign it, and date it.</span></li>
 	<li><span style=""font-family: georgia, palatino, serif; color: #000000;""> This date is then considered the meeting date for all purposes under the Companies Act.</span></li>
 	<li><span style=""font-family: georgia, palatino, serif; color: #000000;""> Section 92 states that every company must submit a copy of the annual return within sixty days from the AGM's date or, if no AGM is held, within sixty days from when the AGM should have occurred.</span></li>
 	<li><span style=""font-family: georgia, palatino, serif; color: #000000;""> Therefore, the OPC should file its annual return within sixty days of entering the member's decision into the minutes book and having it signed by the member.</span></li>
 	<li><span style=""font-family: georgia, palatino, serif; color: #000000;""> Nevertheless, the AGM's due date cannot be later than the financial statements' filing deadline.</span></li>
</ul>
<span style=""color: #000080;""><strong><span style=""font-family: georgia, palatino, serif;"">In Conclusion:</span></strong></span>
<span style=""font-family: georgia, palatino, serif; color: #000000;"">Annual filing for One Person Companies (OPCs) is necessary to follow the law. Even though OPCs have some exceptions, it's crucial to know how to file, when to do it, and the details involved. Doing this helps maintain limited liability and makes the company more open and well-run.</span>
<div class=""relative flex w-[calc(100%-50px)] flex-col gap-1 md:gap-3 lg:w-[calc(100%-115px)]"">
<div class=""flex flex-grow flex-col gap-3 max-w-full"">
<div class=""min-h-[20px] flex flex-col items-start gap-3 overflow-x-auto whitespace-pre-wrap break-words"">
<div class=""markdown prose w-full break-words dark:prose-invert light"">
<div class=""relative flex w-[calc(100%-50px)] flex-col gap-1 md:gap-3 lg:w-[calc(100%-115px)]"">
<div class=""flex flex-grow flex-col gap-3 max-w-full"">
<div class=""min-h-[20px] flex flex-col items-start gap-3 overflow-x-auto whitespace-pre-wrap break-words"">
<div class=""markdown prose w-full break-words dark:prose-invert light"">

<span style=""font-family: georgia, palatino, serif; font-size: 10pt;""><b>If You have any queries then connect with us at <a href=""mailto:support@legalsuvidha.com"">support@legalsuvidha.com</a> or <a href=""mailto:info@digicomply.in"">info@digicomply.in</a> &amp; </b><a href=""https://legalsuvidha.com/contact-us/""><b>Contact us </b></a><b> &amp; stay updated with our latest blogs &amp; articles</b></span>

</div>
</div>
</div>
</div>
</div>
</div>
</div>
</div>",https://legalsuvidha.com/blog/opc-annual-filing-key-deadlines/,OPC / Incorporation,640,READY_FOR_REWRITE,,,,,,Auto-generated queue metadata. Review overlap/canonical decisions before publishing. Geo model: India-first. Use national positioning by default; add city/state examples only if commercially relevant.,OPC annual filing guide | OPC vs Private Limited | private company compliance checklist,annual filing due dates | private limited company compliances | startup structure selection guide,Get OPC annual filing support
The Ultimate Legal Compliance Checklist for Pvt Ltd Companies,788,2024-09-07,2024,All Blogs,,,https://legalsuvidha.com/the-ultimate-legal-compliance-checklist-for-pvt-ltd-companies/,the-ultimate-legal-compliance-checklist-for-pvt-ltd-companies,https://legalsuvidha.com/the-ultimate-legal-compliance-checklist-for-pvt-ltd-companies/,https://legalsuvidha.com/blog/the-ultimate-legal-compliance-checklist-for-pvt-ltd-companies/,ERROR,"HTTPSConnectionPool(host='legalsuvidha.com', port=443): Read timed out. (read timeout=12)",200,https://legalsuvidha.com/blog/the-ultimate-legal-compliance-checklist-for-pvt-ltd-companies/,yes,NATIONAL,The Ultimate Legal Compliance Checklist for Pvt Ltd Companies,India,"private limited company compliance Delhi NCR, private limited registration, company compliance services","annual filing for private limited company, ROC compliance, company incorporation, compliance penalties",checklist,"<span style=""font-size: 2em;font-weight: bold"">The Ultimate Legal Compliance Checklist for Pvt Ltd Companies</span>
<div class=""container"">
<div class=""content"">
<h2>Introduction</h2>
In today's business world, making sure you follow the law is crucial for Pvt Ltd companies. Following rules not only helps you avoid legal trouble but also builds trust with your partners and keeps your business running smoothly. This easy-to-follow legal compliance checklist will help Pvt Ltd companies manage their legal duties, so you stay on track and can focus on growing your business.
<h2>1. Company Registration and Structure</h2>
<h3>Registration</h3>
<ul>
 	<li><strong>Incorporation Form (SPICe+):</strong> This important form is needed to register your company and must be filled out correctly. It includes information about your company's directors, shareholders, and office address.</li>
 	<li><strong>Memorandum of Association (MOA) and Articles of Association (AOA):</strong> These documents explain your company's goals, setup, and rules.</li>
 	<li><strong>Director Identification Number (DIN):</strong> Get DINs for all your directors.</li>
 	<li><strong>Proof of Address and Identity:</strong> Provide valid proof of address for your company's office and identity proof for all directors.</li>
</ul>
<h3>Structure</h3>
<ul>
 	<li><strong>Board of Directors:</strong> Make sure the board meets legal standards and check the roles of directors.</li>
 	<li><strong>Shareholders:</strong> Keep accurate records of your shareholders and their shares.</li>
</ul>
<h2>2. Compliance with Statutory Requirements</h2>
<h3>Annual Filings</h3>
<ul>
 	<li><strong>Annual Return (MGT-7):</strong> File this within 60 days from the AGM date.</li>
 	<li><strong>Financial Statements (AOC-4):</strong> File your balance sheet, profit and loss account, and auditor's report along with the annual return.</li>
</ul>
<h3>Director’s Report</h3>
<ul>
 	<li><strong>Financial Performance:</strong> A summary of how your business is doing financially.</li>
 	<li><strong>Corporate Developments:</strong> Major changes and updates within your company.</li>
 	<li><strong>Future Outlook:</strong> Briefly discuss future plans and prospects.</li>
</ul>
<h2>3. Corporate Governance</h2>
<h3>Board Meetings</h3>
<ul>
 	<li><strong>Frequency:</strong> Hold at least four board meetings every year.</li>
 	<li><strong>Documentation:</strong> Keep detailed minutes and resolutions of all board meetings.</li>
</ul>
<h3>Shareholder Meetings</h3>
<ul>
 	<li><strong>AGMs:</strong> Conduct AGMs within six months of the end of the financial year.</li>
 	<li><strong>EGMs:</strong> Arrange EGMs when needed for special decisions or urgent issues.</li>
</ul>
<h3>Minutes of Meetings</h3>
<ul>
 	<li><strong>Board Meetings:</strong> Record discussions, decisions, and resolutions.</li>
 	<li><strong>AGMs and EGMs:</strong> Document the details and outcomes of shareholder meetings.</li>
</ul>
<h2>4. Tax Compliance</h2>
<h3>Income Tax</h3>
<ul>
 	<li><strong>Filing Income Tax Returns (ITR):</strong> Make sure to file on time to avoid penalties.</li>
 	<li><strong>Tax Deducted at Source (TDS):</strong> Follow TDS rules for salaries, interest, and professional fees.</li>
</ul>
<h3>Goods and Services Tax (GST)</h3>
<ul>
 	<li><strong>GST Registration:</strong> Register for GST if your turnover is above the set limit.</li>
 	<li><strong>GST Returns:</strong> File returns monthly or quarterly.</li>
</ul>
<h2>5. Financial Compliance</h2>
<h3>Audit Requirements</h3>
<ul>
 	<li><strong>Appointment of Auditors:</strong> Appoint auditors within 30 days of starting your company.</li>
 	<li><strong>Annual Audit:</strong> Do an annual audit of your company's financial records.</li>
</ul>
<h3>Maintenance of Books of Accounts</h3>
<ul>
 	<li><strong>Record-Keeping:</strong> Keep detailed accounts.</li>
 	<li><strong>Retention Period:</strong> Store records for at least eight years.</li>
</ul>
<h2>6. Labor Law Compliance</h2>
<h3>Employee Benefits</h3>
<ul>
 	<li><strong>Provident Fund (PF):</strong> Make regular PF contributions.</li>
 	<li><strong>Employee State Insurance (ESI):</strong> Follow ESI rules.</li>
</ul>
<h3>Labor Laws</h3>
<ul>
 	<li><strong>Payment of Gratuity Act:</strong> Follow rules for gratuity payments.</li>
 	<li><strong>Minimum Wages Act:</strong> Adhere to state-specific minimum wage laws.</li>
</ul>
<h2>7. Legal Documentation</h2>
<h3>Contracts and Agreements</h3>
<ul>
 	<li><strong>Legal Contracts:</strong> Create and keep contracts for business deals.</li>
 	<li><strong>Internal Policies:</strong> Set up internal policies on employee conduct, data protection, and workplace safety.</li>
</ul>
<h2>8. Intellectual Property</h2>
<h3>Trademark Registration</h3>
<ul>
 	<li><strong>Process:</strong> Register trademarks to protect your brand.</li>
 	<li><strong>Benefits:</strong> Trademark registration gives you exclusive rights to the trademark.</li>
</ul>
<h3>Patents and Copyrights</h3>
<ul>
 	<li><strong>Protection:</strong> Get patents and copyrights for your intellectual property.</li>
</ul>
<h2>9. Data Protection and Privacy</h2>
<h3>Compliance with Data Protection Laws</h3>
<ul>
 	<li><strong>Regulations:</strong> Follow data protection laws like the Personal Data Protection Bill (PDPB).</li>
 	<li><strong>Data Security:</strong> Put measures in place to protect data from breaches.</li>
</ul>
<h2>10. Miscellaneous Compliance</h2>
<h3>Compliance with Sector-Specific Regulations</h3>
<ul>
 	<li><strong>Industry Regulations:</strong> Follow specific rules for your industry.</li>
</ul>
<h3>Licenses and Permits</h3>
<ul>
 	<li><strong>Acquisition of Licenses:</strong> Get the necessary licenses and permits based on what your business does.</li>
</ul>
<div class=""faq"">
<h2>FAQs</h2>
<h3>1. What is the penalty for not following the rules in Pvt Ltd companies?</h3>
Penalties can vary depending on the type and extent of non-compliance. They may include fines, director disqualification, or even closing the company.
<h3>2. How often do we need to hold board meetings?</h3>
According to the Companies Act, 2013, Pvt Ltd companies must hold at least four board meetings each year, with no more than 120 days between meetings.
<h3>3. Is GST registration mandatory for Pvt Ltd companies?</h3>
Yes, if your company's annual turnover is above the limit (currently Rs. 20 lakhs for service providers and Rs. 40 lakhs for goods providers).
<h3>4. How long should we keep financial records?</h3>
As per the Companies Act, financial records must be kept for at least eight years.
<h3>5. What happens if we don’t file annual returns?</h3>
Not filing annual returns can lead to penalties, including late fees, director disqualification, and the company being removed from the company register.

</div>
</div>
</div>
<footer>Need help with Pvt Ltd company compliance? Contact our experts today! Get in touch now.</footer>",https://legalsuvidha.com/blog/the-ultimate-legal-compliance-checklist-for-pvt-ltd-companies/,Private Limited Compliance,788,READY_FOR_REWRITE,,,,,,Auto-generated queue metadata. Review overlap/canonical decisions before publishing. Geo model: India-first. Use national positioning by default; add city/state examples only if commercially relevant.,Private company compliance checklist | company annual filing due dates | ROC compliance for companies and LLPs,DIR-3 KYC due date and reactivation guide | DPT-3 penalty page | annual filing checklist for startups,Get urgent ROC compliance support
Legal Risks of Delaying Your OPC-to-Pvt Ltd Conversion,400,2025-04-22,2025,All Blogs,,,https://legalsuvidha.com/legal-risks-of-delaying-your-opc-to-pvt-ltd-conversion/,legal-risks-of-delaying-your-opc-to-pvt-ltd-conversion,https://legalsuvidha.com/legal-risks-of-delaying-your-opc-to-pvt-ltd-conversion/,https://legalsuvidha.com/blog/legal-risks-of-delaying-your-opc-to-pvt-ltd-conversion/,ERROR,"HTTPSConnectionPool(host='legalsuvidha.com', port=443): Read timed out. (read timeout=12)",200,https://legalsuvidha.com/blog/legal-risks-of-delaying-your-opc-to-pvt-ltd-conversion/,yes,NATIONAL,Legal Risks of Delaying Your OPC-to-Pvt Ltd Conversion,India,"OPC compliance Delhi NCR, OPC annual filing, one person company compliance","OPC filing due dates, OPC vs private limited, OPC conversion, annual return filing for OPC",compliance guide,"If you operate a One Person Company (OPC), you must convert to a Private Limited Company (Pvt Ltd) once certain thresholds are crossed, as per the Companies Act, 2013. Delaying this mandatory conversion can expose you to serious legal, financial, and tax risks. At LegalSuvidha, we guide OPC owners through every step to ensure a smooth and timely transition.
<h3></h3>
<h4>1. <strong>Legal and Financial Ramifications of Non‑Conversion</strong></h4>
<strong>Why It Matters:</strong> Remaining non‑compliant removes the personal‑liability shield and invites penalties.
<h6><strong>Key Risks:</strong></h6>
<ul>
 	<li style=""list-style-type: none;"">
<ul>
 	<li><strong>Increased Personal Liability:</strong> Creditors may pursue your personal assets if the OPC structure is not updated.</li>
 	<li><strong>Financial Penalties:</strong> Non‑compliance attracts fines under the Companies Act, which can accumulate interest over time.</li>
 	<li><strong>Tax &amp; Compliance Issues:</strong> You may lose access to Pvt Ltd tax benefits and face complications during tax audits.</li>
</ul>
</li>
</ul>
<h3></h3>
<h4>2. <strong>When Is Conversion Mandatory?</strong></h4>
<strong>Why It Matters:</strong> Knowing the trigger points helps you plan the conversion before penalties apply.
<h6><strong>Mandatory Conditions:</strong></h6>
<ul>
 	<li style=""list-style-type: none;"">
<ul>
 	<li><strong>Annual Turnover:</strong> Exceeds ₹2 crores in any financial year.</li>
 	<li><strong>Paid‑Up Share Capital:</strong> Surpasses ₹50 lakhs at any time.</li>
</ul>
</li>
 	<li>Conversion must be completed within six months of the financial year‑end in which thresholds are breached.</li>
</ul>
<h3></h3>
<h4>3. <strong>Consequences of Failing to Convert</strong></h4>
<strong>Why It Matters:</strong> Ignoring the requirement can damage your business and personal standing.
<h6><strong>Key Outcomes:</strong></h6>
<ul>
 	<li style=""list-style-type: none;"">
<ul>
 	<li><strong>Legal Penalties &amp; Scrutiny:</strong> Fines that increase with the duration of non‑compliance and potential regulatory action.</li>
 	<li><strong>Governance Impact:</strong> Loss of the limited‑liability protection afforded by a Pvt Ltd structure.</li>
 	<li><strong>Financial Disadvantages:</strong> Forfeiture of optimized tax planning and deductions available to Pvt Ltd companies.</li>
</ul>
</li>
</ul>
<h3></h3>
<h4>4. <strong>Best Practices to Ensure Timely Conversion</strong></h4>
<strong>Why It Matters:</strong> Proactive planning safeguards your business from unnecessary risks.
<h6><strong>Recommended Actions:</strong></h6>
<ul>
 	<li style=""list-style-type: none;"">
<ul>
 	<li><strong>Continuous Financial Monitoring:</strong> Use tracking tools to watch your turnover and paid‑up capital in real time.</li>
 	<li><strong>Seek Expert Advice:</strong> Engage corporate compliance professionals to manage the conversion process accurately.</li>
 	<li><strong>Prepare Documentation in Advance:</strong> Keep board resolutions, updated MOA/AOA, audit reports, and other records ready for filing.</li>
</ul>
</li>
</ul>
<h3></h3>
<h4>Take Action Today</h4>
<ul>
 	<li><a href=""https://wa.me/918130645164""><strong>Book a Free Conversion Strategy Session</strong></a></li>
 	<li><strong>Call us at <a href=""tel:+918130645164"">+91 81306 45164</a></strong> for expert guidance on your OPC‑to‑Pvt Ltd transition.</li>
</ul>
<h3></h3>
<h4>Final Thought:</h4>
Timely conversion of your OPC to a Private Limited Company is essential for protecting personal assets, maintaining compliance, and maximizing tax advantages. By monitoring your financial metrics and partnering with seasoned compliance experts, you can navigate the conversion smoothly and secure your company’s long‑term success.",https://legalsuvidha.com/blog/legal-risks-of-delaying-your-opc-to-pvt-ltd-conversion/,OPC / Incorporation,400,READY_FOR_REWRITE,,,,,,Auto-generated queue metadata. Review overlap/canonical decisions before publishing. Geo model: India-first. Use national positioning by default; add city/state examples only if commercially relevant.,OPC annual filing guide | OPC vs Private Limited | private company compliance checklist,annual filing due dates | private limited company compliances | startup structure selection guide,Get OPC annual filing support
Highlights of LLP Amendment Bill,340,2021-10-31,2021,Corporate Law,,,https://legalsuvidha.com/highlights-of-limited-liability-partnership-amendment-bill-2021/,highlights-of-limited-liability-partnership-amendment-bill-2021,https://legalsuvidha.com/highlights-of-limited-liability-partnership-amendment-bill-2021/,https://legalsuvidha.com/blog/highlights-of-limited-liability-partnership-amendment-bill-2021/,ERROR,"HTTPSConnectionPool(host='legalsuvidha.com', port=443): Read timed out. (read timeout=12)",200,https://legalsuvidha.com/blog/highlights-of-limited-liability-partnership-amendment-bill-2021/,yes,NATIONAL,Highlights of LLP Amendment Bill,India,"LLP compliance Delhi NCR, LLP filing, LLP registration and compliance","LLP annual filing, LLP Form 8, LLP Form 11, designated partner compliance, LLP late fee",transactional,"Highlights of LLP Amendment Bill 2021 includes many provisions and modifications . Continuing with the efforts to boost ease of doing business as well as to encourage startups ecosystem, the government on 28th July 2021 approved amendments to the Limited Liability Partnership (LLP) Act, including decriminalising 12 offences under the law.

The Finance Minister said that they are bridging this gap. And making LLPs far more attractive and easy to handle so that many of the startups today, which prefer the LLP model can also feel equally given the ease of business opportunities.
<h4 style=""text-align: center;""><span style=""color: #0000ff;""><strong>Below are the <a href=""https://legalsuvidha.com/blog/highlights-of-limited-liability-partnership-amendment-bill-2021/"">highlights of the Limited Liability Partnership</a> Amendment bill 2021:</strong></span></h4>
Currently, there are 24 penal provisions and 21 are compoundable offences, while 3 are non-compoundable ones. With the proposed amendments, the total number of penal provisions under the LLP Act will be reduced to 22, compoundable offences will be 7, non-compoundable offences will be 3 and the number of defaults to be dealt under the In-House Adjudication Mechanism (IAM) will be only 12.

A total of 12 offences are to be decriminalised for LLPs.

Three sections are to be totally omitted

At present, there are relaxations for thresholds up to turnover size and partner’s contribution of Rs. 40 lakh and Rs. 25 lakh, respectively.

The same has been changed Rs. 25 lakh will go to Rs. 5 crore and Rs. 40 lakh the turnover size will now be treated as Rs. 50 crore.

So, even Rs. 5 crore contribution and Rs. 40 crore or Rs. 50 crore turnover will be treated as a small LLP, which means we are expanding the scope of what can be a small LLP.

The businesses, which need a larger turnover, larger contribution of the proprietors, will also get the benefit of being small in its definition.

Once the amendment is in place, the thresholds will be revised upwards. The above amendment can be summarised as follows:
<table border=""1"" cellspacing=""1"" cellpadding=""1"">
<tbody>
<tr>
<td><strong>Particulars</strong></td>
<td><strong>New</strong></td>
<td><strong>Current</strong></td>
</tr>
<tr>
<td>Partners Contribution</td>
<td>Rs. 25 Lakh</td>
<td>Rs. 5 Crore</td>
</tr>
<tr>
<td>Total Turnover</td>
<td>Rs. 40 Lakh</td>
<td>Rs. 50 Crore</td>
</tr>
</tbody>
</table>
&nbsp;",https://legalsuvidha.com/blog/highlights-of-limited-liability-partnership-amendment-bill-2021/,LLP / Company Law,340,READY_FOR_REWRITE,,,,,,Auto-generated queue metadata. Review overlap/canonical decisions before publishing. Geo model: India-first. Use national positioning by default; add city/state examples only if commercially relevant.,LLP annual compliance checklist | LLP Form 8 late fee and consequences | LLP vs Private Limited for startup founders,ROC compliance for companies and LLPs | designated partner compliance guide | company strike-off vs dormant company,Get LLP annual filing support
GST Refunds guidelines,619,2022-06-21,2022,GST,,,https://legalsuvidha.com/cbdt-issues-new-guidelines-for-gst-refunds/,cbdt-issues-new-guidelines-for-gst-refunds,https://legalsuvidha.com/cbdt-issues-new-guidelines-for-gst-refunds/,https://legalsuvidha.com/blog/cbdt-issues-new-guidelines-for-gst-refunds/,ERROR,"HTTPSConnectionPool(host='legalsuvidha.com', port=443): Read timed out. (read timeout=15)",200,https://legalsuvidha.com/blog/cbdt-issues-new-guidelines-for-gst-refunds/,yes,NATIONAL,GST Refunds guidelines,India,"GST compliance Delhi NCR, GST registration, GST consultant Delhi NCR","GST return filing, GST penalty, GST registration documents, ITC rules, GST due dates",compliance guide,"<p style=""text-align: center;"">GST Refunds guidelines need to follow To claim GST refunds</p>

<h4 style=""text-align: center;""><span style=""color: #0000ff;"">NEW GUIDELINES FOR GST REFUNDS</span></h4>
<h4><span style=""color: #0000ff;"">What is GST refund?</span><span id=""whatrefund""></span></h4>
Usually when the GST paid is more than the GST liability a situation of claiming GST refund arises. Under GST the process of claiming a refund is standardized to avoid confusion. The process is online and time limits have also been set for the same.
<h4><span style=""color: #0000ff;"">When can the refund be claimed?</span><span id=""whenrefund""></span></h4>
There are many cases where refund can be claimed. Here are some of them – Excess payment of tax is made due to mistake or omission.
<ul>
 	<li>Dealer Exports (including deemed export) goods/services under claim of rebate or Refund</li>
 	<li>ITC accumulation due to output being tax exempt or nil-rated</li>
 	<li>Refund of tax paid on purchases made by Embassies or UN bodies</li>
 	<li>Tax Refund for International Tourists</li>
 	<li>Finalization of provisional assessment</li>
</ul>
<h4><span style=""color: #0000ff;"">How to calculate GST refund?</span><span id=""calculate""></span></h4>
Let’s take a simple case of excess tax payment made. Mr. V’s GST liability for the month of September is Rs 50000. But due to mistake, Mr. V made a GST payment of Rs 5 lakh.

Now Mr. V has made an excess GST payment of Rs 4.5 lakh which can be claimed as a refund by him. The time limit for claiming the refund is 2 years from the date of payment.

Recently CBIC has issued detailed guidelines for sanctioning, post-audit and review of refund claims.

Key feature and short summary of the guidelines have been discussed below. Instruction No. 03/2022-GST dated 14-06-2022.

It has been observed by CBIC that, proper speaking orders have not been issued while issuing the orders for GST refund claims and also currently different GST officers adopted different practices and procedures for sanctioning refunds, which created confusion among the tax payers/business community.

In this regard, to promote the uniformity in practices adopted by GST officers, the GST policy wing of the CBIC has issued detailed guidelines for the sanctioning of the refund claims, post-audit and review of all refund claims.
<h4><span style=""color: #0000ff;"">Speaking orders</span></h4>
<ul>
 	<li>Currently, certain refund applications are rejected without proper speaking orders (with out providing detailed reasoning for such rejection).</li>
 	<li>With this Instruction- the GST officers shall provide detailed speaking order with the reasons for sanction or rejection of the refund claims.</li>
</ul>
<h4><span style=""color: #0000ff;"">These guidelines to GST officers, helps</span></h4>
<ul>
 	<li>Provide the details to be mentioned in a speaking order</li>
 	<li>Tax payers understand and respond to refund rejection order in a timely manner.</li>
</ul>
In the instructions issued to GST officers, CBIC has listed additional to be checked by GST officer for sanctioning refund. Hence we would have to double on check on the below key points before applying refund applications;
<h4 style=""text-align: center;""><span style=""color: #0000ff;""><strong>Additional details will be checked by GST officers for sanctioning of Refunds</strong></span></h4>
<span style=""color: #0000ff;""><strong> 1. Refund of ITC on account of zero rate supplies</strong></span>

Whether calculation of turnover or aggregate turnover is correct as per provisions

Whether calculation of NET ITC is correct as per provisions

NET ITC should not include input on capital goods

ITC should be restricted to extent reflecting in GSTR 2A/2B.

Submission of E BRC/ FIRC for service exports.

<span style=""color: #0000ff;""><strong>2. For supplies to SEZ's by DTA</strong></span>

Supplies should be for authorized operations basis LoA.

Supplies should be cross checked with SEZ online portal.

Documents should be endorsed by proper SEZ officer.

Payment should be received by DTA from SEZ against supply.

Post Audit of Refund Claims Post Audit is not required for Refunds upto INR 1L For Refunds exceeding INR 1L, GST department will conduct audit within 3 months from the refund date.

Post-audit of refund orders will be conducted in offline mode, till functionality for conducting post-audit online is developed at GST portal.",https://legalsuvidha.com/blog/cbdt-issues-new-guidelines-for-gst-refunds/,GST,619,READY_FOR_REWRITE,,,,,,Auto-generated queue metadata. Review overlap/canonical decisions before publishing. Geo model: India-first. Use national positioning by default; add city/state examples only if commercially relevant.,GST registration online guide | GST registration documents checklist | restoring revoked GST registration,applicability of GST on GTA | GST late fee and interest explainer | startup GST compliance guide,Get GST registration or compliance support
